INSERT INTO "AspNetRoles" ("Id", "Name", "NormalizedName", "ConcurrencyStamp") VALUES ('6ae815b5-0e61-4b4a-bf69-8fe3a1ff2cc5', 'User', 'USER', NULL);
INSERT INTO "AspNetRoles" ("Id", "Name", "NormalizedName", "ConcurrencyStamp") VALUES ('38fce77d-f128-4f6f-86d0-8498097d57c8', 'Librarian', 'LIBRARIAN', NULL);
INSERT INTO "AspNetRoles" ("Id", "Name", "NormalizedName", "ConcurrencyStamp") VALUES ('830d8a6b-f5b9-4eeb-921f-9b12a56d80a9', 'Admin', 'ADMIN', NULL);
INSERT INTO "AspNetUserRoles" ("UserId", "RoleId") VALUES ('bfeec191-eaff-496c-a442-38a26a10c534', '830d8a6b-f5b9-4eeb-921f-9b12a56d80a9');
INSERT INTO "AspNetUserRoles" ("UserId", "RoleId") VALUES ('dd54b857-471d-4727-bb46-1130909a7b59', '38fce77d-f128-4f6f-86d0-8498097d57c8');
INSERT INTO "AspNetUserRoles" ("UserId", "RoleId") VALUES ('80bee807-3b63-4a68-abc3-4e582758b35d', '6ae815b5-0e61-4b4a-bf69-8fe3a1ff2cc5');
INSERT INTO "AspNetUsers" ("Id", "Discriminator", "FirstName", "LastName", "TwoFactorGoogleCode", "TwoFactorGoogleEnabled", "RefreshToken", "RefreshTokenExpiryTime", "CreatedTime", "CreatedBy", "ModifiedTime", "ModifiedBy", "UserName", "NormalizedUserName", "Email", "NormalizedEmail", "EmailConfirmed", "PasswordHash", "SecurityStamp", "ConcurrencyStamp", "PhoneNumber", "PhoneNumberConfirmed", "TwoFactorEnabled", "LockoutEnd", "LockoutEnabled", "AccessFailedCount") VALUES ('dd54b857-471d-4727-bb46-1130909a7b59', 'ApplicationUser', 'Duy', 'Khánh', 'b18f365e-9e32-4b4f-b527-1ce7991c92fe', 't', 'kAgB8sQnRVWq2iNWIRZ/W1ln2WDwudfoOmQSQ1qRsyo=', '2025-06-14 15:40:33.777357+07', '2025-06-11 16:06:24.871877+07', NULL, NULL, NULL, 'duyvipx201', 'DUYVIPX201', 'duyduydz13+1@gmail.com', 'DUYDUYDZ13+1@GMAIL.COM', 't', 'AQAAAAIAAYagAAAAEONv4Z+9sJ+PlJXOeTQBc8sc9NME0l+Cez8tCMPyGqSUG/bHK0lLShgBNisTAny3Zg==', '7FXXQZBNIDRURDA3W7NZR47WJOKN6ERK', '04719dc5-d2fb-4946-86bc-ca2853149cd3', '0866690400', 'f', 'f', NULL, 't', 0);
INSERT INTO "AspNetUsers" ("Id", "Discriminator", "FirstName", "LastName", "TwoFactorGoogleCode", "TwoFactorGoogleEnabled", "RefreshToken", "RefreshTokenExpiryTime", "CreatedTime", "CreatedBy", "ModifiedTime", "ModifiedBy", "UserName", "NormalizedUserName", "Email", "NormalizedEmail", "EmailConfirmed", "PasswordHash", "SecurityStamp", "ConcurrencyStamp", "PhoneNumber", "PhoneNumberConfirmed", "TwoFactorEnabled", "LockoutEnd", "LockoutEnabled", "AccessFailedCount") VALUES ('bfeec191-eaff-496c-a442-38a26a10c534', 'ApplicationUser', 'Duy', 'Khánh', NULL, NULL, 'DIbrt+7ltnhZtp7/uPQOq9vNluUYAE4DtQjvafU3bIk=', '2025-06-14 15:42:15.170969+07', NULL, NULL, NULL, NULL, 'admin', 'ADMIN', 'phamkhanhduy.contact@gmail.com', 'PHAMKHANHDUY.CONTACT@GMAIL.COM', 't', 'AQAAAAIAAYagAAAAEEViHzfxzm2XX7ibe6NAM2ejNGb3CJG+XW3Vz8DiDCOmEQDY+Ih2OU1MLp0UeMksdA==', 'L4RGR3HSOBN72MBEWGHEZJQBY4WSOUPN', '659e777b-e00e-4d1f-851b-eac8874ba591', '0866690400', 'f', 'f', NULL, 't', 0);
INSERT INTO "AspNetUsers" ("Id", "Discriminator", "FirstName", "LastName", "TwoFactorGoogleCode", "TwoFactorGoogleEnabled", "RefreshToken", "RefreshTokenExpiryTime", "CreatedTime", "CreatedBy", "ModifiedTime", "ModifiedBy", "UserName", "NormalizedUserName", "Email", "NormalizedEmail", "EmailConfirmed", "PasswordHash", "SecurityStamp", "ConcurrencyStamp", "PhoneNumber", "PhoneNumberConfirmed", "TwoFactorEnabled", "LockoutEnd", "LockoutEnabled", "AccessFailedCount") VALUES ('80bee807-3b63-4a68-abc3-4e582758b35d', 'ApplicationUser', 'Duy', 'Khánh', NULL, NULL, '15fPM3fdJBRJXMuhH7avSpEMA/YQ+nnRrb3RjF/ajQk=', '2025-06-14 15:42:07.578545+07', '2025-06-13 15:41:36.247691+07', NULL, NULL, NULL, 'duyvipx202', 'DUYVIPX202', 'duyduydz13+2@gmail.com', 'DUYDUYDZ13+2@GMAIL.COM', 't', 'AQAAAAIAAYagAAAAELhK/4Bya0Vur86vVJBMcpfv/pJ1lTxibHstQxnoq9YDMRsLZUnXuzMxr68i/hILBw==', 'IOUH4GXXTZ6BB4FKR2MVQP6OYMUGG3AH', 'fe4f2b15-99cd-455b-928d-1e345fffd358', '0866690400', 'f', 'f', '2125-06-13 15:42:24.902461+07', 't', 0);

INSERT INTO "Category" ("CategoryId", "Name", "CreatedTime", "CreatedBy", "ModifiedTime", "ModifiedBy") VALUES ('45437070-a111-43b2-8161-538c5a048cf9', 'Lịch sử', '2025-06-11 15:16:58.530182+07', 'ADMIN', NULL, NULL);
INSERT INTO "Category" ("CategoryId", "Name", "CreatedTime", "CreatedBy", "ModifiedTime", "ModifiedBy") VALUES ('9d76bfb5-f3bd-4739-aa81-00772a7715b7', 'Thiếu nhi', '2025-06-11 15:23:25.794613+07', 'ADMIN', NULL, NULL);
INSERT INTO "Category" ("CategoryId", "Name", "CreatedTime", "CreatedBy", "ModifiedTime", "ModifiedBy") VALUES ('80c18c4a-c566-461b-b70d-ab194a9b2180', 'Sách văn học viễn tưởng', '2025-06-11 15:23:54.8248+07', 'ADMIN', NULL, NULL);
INSERT INTO "Category" ("CategoryId", "Name", "CreatedTime", "CreatedBy", "ModifiedTime", "ModifiedBy") VALUES ('6fa3c14b-43dd-4f76-9e5b-0546db40c9b4', 'Sách kinh dị, bí ẩn', '2025-06-11 15:24:05.448161+07', 'ADMIN', NULL, NULL);
INSERT INTO "Category" ("CategoryId", "Name", "CreatedTime", "CreatedBy", "ModifiedTime", "ModifiedBy") VALUES ('4a05df65-ac51-4395-b1a1-c7e50122a6d9', 'Khoa học công nghệ', '2025-06-11 15:24:14.897624+07', 'ADMIN', NULL, NULL);
INSERT INTO "Category" ("CategoryId", "Name", "CreatedTime", "CreatedBy", "ModifiedTime", "ModifiedBy") VALUES ('fa7d67b3-b5fa-4cec-b8dd-634410115fd1', 'Tâm lý, tình cảm', '2025-06-11 15:23:33.675837+07', 'ADMIN', '2025-06-11 15:24:20.784541+07', 'ADMIN');
INSERT INTO "Category" ("CategoryId", "Name", "CreatedTime", "CreatedBy", "ModifiedTime", "ModifiedBy") VALUES ('2dbd08c6-6c1b-4274-bd77-070e805f45a1', 'Văn hoá xã hội', '2025-06-11 15:23:46.626426+07', 'ADMIN', '2025-06-11 15:24:29.181111+07', 'ADMIN');
INSERT INTO "Category" ("CategoryId", "Name", "CreatedTime", "CreatedBy", "ModifiedTime", "ModifiedBy") VALUES ('53dddd72-a2dd-4d22-99ce-e05fe16ebc80', 'Tôn giáo', '2025-06-11 15:23:39.13697+07', 'ADMIN', '2025-06-11 15:24:34.253942+07', 'ADMIN');
INSERT INTO "Category" ("CategoryId", "Name", "CreatedTime", "CreatedBy", "ModifiedTime", "ModifiedBy") VALUES ('66a8354a-9db3-4e35-bdf7-630a81ab7040', 'Tểu sử, tự truyện', '2025-06-11 15:23:59.547791+07', 'ADMIN', '2025-06-11 15:24:39.469907+07', 'ADMIN');

INSERT INTO "Publisher" ("PublisherId", "Name", "CreatedTime", "CreatedBy", "ModifiedTime", "ModifiedBy") VALUES ('95251ecc-2083-4bc6-b663-036d113fbb1f', 'NXB Thanh Niên', '2025-06-11 15:16:44.604544+07', 'ADMIN', NULL, NULL);
INSERT INTO "Publisher" ("PublisherId", "Name", "CreatedTime", "CreatedBy", "ModifiedTime", "ModifiedBy") VALUES ('f87ecfb2-914b-465a-a8eb-6e9e6765e9a5', 'Nhà xuất bản Trẻ', '2025-06-11 15:25:12.178491+07', 'ADMIN', NULL, NULL);
INSERT INTO "Publisher" ("PublisherId", "Name", "CreatedTime", "CreatedBy", "ModifiedTime", "ModifiedBy") VALUES ('217ec3b7-e512-4077-876b-9d9fee217c79', 'Nhà xuất bản Kim Đồng', '2025-06-11 15:25:18.845822+07', 'ADMIN', NULL, NULL);
INSERT INTO "Publisher" ("PublisherId", "Name", "CreatedTime", "CreatedBy", "ModifiedTime", "ModifiedBy") VALUES ('f2c3835a-d92b-49b0-ac93-22c9680c90fd', ' Nhà xuất bản Tổng hợp thành phố Hồ Chí Minh', '2025-06-11 15:25:23.974067+07', 'ADMIN', NULL, NULL);
INSERT INTO "Publisher" ("PublisherId", "Name", "CreatedTime", "CreatedBy", "ModifiedTime", "ModifiedBy") VALUES ('9a627119-cbdb-4961-8e25-57caed915161', 'Nhà xuất bản Hội Nhà văn', '2025-06-11 15:25:31.244777+07', 'ADMIN', NULL, NULL);
INSERT INTO "Publisher" ("PublisherId", "Name", "CreatedTime", "CreatedBy", "ModifiedTime", "ModifiedBy") VALUES ('65540d52-8997-46e5-9c68-50441ad18e0f', 'Nhà xuất bản Chính trị quốc gia Sự thật ', '2025-06-11 15:25:36.919248+07', 'ADMIN', NULL, NULL);
INSERT INTO "Publisher" ("PublisherId", "Name", "CreatedTime", "CreatedBy", "ModifiedTime", "ModifiedBy") VALUES ('0ad9f6e8-1d43-40da-a2ea-40a763b66cc3', 'Nhà xuất bản Phụ nữ Việt Nam', '2025-06-11 15:25:42.995099+07', 'ADMIN', NULL, NULL);

INSERT INTO "Author" ("Id", "AuthorFullName", "CreatedTime", "CreatedBy", "ModifiedTime", "ModifiedBy") VALUES ('35704b93-880b-4f59-b9eb-78607dfbd990', 'Đỗ Đức Hùng', '2025-06-11 15:16:37.654643+07', 'ADMIN', NULL, NULL);
INSERT INTO "Author" ("Id", "AuthorFullName", "CreatedTime", "CreatedBy", "ModifiedTime", "ModifiedBy") VALUES ('4e366e12-6f13-4da5-b3bb-0574c3770463', 'Nam Cao', '2025-06-11 15:21:37.132439+07', 'ADMIN', NULL, NULL);
INSERT INTO "Author" ("Id", "AuthorFullName", "CreatedTime", "CreatedBy", "ModifiedTime", "ModifiedBy") VALUES ('8ee8a41f-d6da-4bb3-b806-c5ed83a23b2d', 'Thạch Lam', '2025-06-11 15:21:43.004844+07', 'ADMIN', NULL, NULL);
INSERT INTO "Author" ("Id", "AuthorFullName", "CreatedTime", "CreatedBy", "ModifiedTime", "ModifiedBy") VALUES ('e794e7bd-42db-44ec-9e57-54aea038e17f', 'Nguyễn Tuân', '2025-06-11 15:21:48.192986+07', 'ADMIN', NULL, NULL);
INSERT INTO "Author" ("Id", "AuthorFullName", "CreatedTime", "CreatedBy", "ModifiedTime", "ModifiedBy") VALUES ('2468e1a6-2abf-4bab-9aeb-3d6095943e2e', 'Ngô Tất Tố', '2025-06-11 15:21:51.561417+07', 'ADMIN', NULL, NULL);
INSERT INTO "Author" ("Id", "AuthorFullName", "CreatedTime", "CreatedBy", "ModifiedTime", "ModifiedBy") VALUES ('f6f22161-defb-4679-807e-cd925a903bc1', 'Thanh Tịnh', '2025-06-11 15:21:56.924742+07', 'ADMIN', NULL, NULL);
INSERT INTO "Author" ("Id", "AuthorFullName", "CreatedTime", "CreatedBy", "ModifiedTime", "ModifiedBy") VALUES ('e7094b37-8284-465d-aed4-70a539274b10', 'Vũ Trọng Phụng', '2025-06-11 15:22:03.576976+07', 'ADMIN', NULL, NULL);
INSERT INTO "Author" ("Id", "AuthorFullName", "CreatedTime", "CreatedBy", "ModifiedTime", "ModifiedBy") VALUES ('f6c6a099-4cd1-414e-b39e-157f9b270e7c', 'Nguyên Ngọc', '2025-06-11 15:22:07.765252+07', 'ADMIN', NULL, NULL);
INSERT INTO "Author" ("Id", "AuthorFullName", "CreatedTime", "CreatedBy", "ModifiedTime", "ModifiedBy") VALUES ('0c1ca46c-419e-4da4-b7b5-d9d6282584e2', 'Nguyễn Minh Châu', '2025-06-11 15:22:11.996112+07', 'ADMIN', NULL, NULL);
INSERT INTO "Author" ("Id", "AuthorFullName", "CreatedTime", "CreatedBy", "ModifiedTime", "ModifiedBy") VALUES ('e5dc79f6-fe07-4720-bbd4-732c0b782e29', '  Nguyên Hồng', '2025-06-11 15:22:19.807413+07', 'ADMIN', NULL, NULL);
INSERT INTO "Author" ("Id", "AuthorFullName", "CreatedTime", "CreatedBy", "ModifiedTime", "ModifiedBy") VALUES ('e3cf7b4b-47ce-4db1-bc0a-f0ca562c75cc', 'Tô Hoài', '2025-06-11 15:22:30.343868+07', 'ADMIN', NULL, NULL);
INSERT INTO "Author" ("Id", "AuthorFullName", "CreatedTime", "CreatedBy", "ModifiedTime", "ModifiedBy") VALUES ('c6bff333-60bc-4dda-b894-6e9d80039479', 'Kim Lân', '2025-06-11 15:22:37.605605+07', 'ADMIN', NULL, NULL);
INSERT INTO "Author" ("Id", "AuthorFullName", "CreatedTime", "CreatedBy", "ModifiedTime", "ModifiedBy") VALUES ('dc3f805e-d6b3-40c8-928c-c147bdf180f4', 'Quỳnh Cư', '2025-06-11 15:16:30.390247+07', 'ADMIN', '2025-06-12 19:03:44.713459+07', 'ADMIN');
INSERT INTO "Book" ("BookId", "Title", "Description", "Isbn13", "Inventory", "Price", "DiscountPercent", "NumberOfPage", "PublicationDate", "ImageURL", "authorId", "publisherID", "CreatedTime", "CreatedBy", "ModifiedTime", "ModifiedBy") VALUES ('17bb394b-19b7-4537-ba32-56bfb15e2727', 'Chí Phèo', 'Chí Phèo là một truyện ngắn nổi tiếng của nhà văn Nam Cao viết vào tháng 2 năm 1941. Chí Phèo là một tác phẩm xuất sắc, thể hiện nghệ thuật viết truyện độc đáo của Nam Cao, đồng thời là một tấn bi kịch của một người nông dân nghèo bị tha hóa trong xã hội. Chí Phèo cũng là tên nhân vật chính của truyện.', '12345678910', 200, '$200,000.00', '0', 200, '2025-01-01 00:00:00+07', 'https://localhost:7287/uploads/8feae403-d246-4e4e-b05c-fef6fb773497.jpg', '4e366e12-6f13-4da5-b3bb-0574c3770463', '217ec3b7-e512-4077-876b-9d9fee217c79', '2025-06-11 15:28:20.524213+07', 'ADMIN', NULL, NULL);
INSERT INTO "Book" ("BookId", "Title", "Description", "Isbn13", "Inventory", "Price", "DiscountPercent", "NumberOfPage", "PublicationDate", "ImageURL", "authorId", "publisherID", "CreatedTime", "CreatedBy", "ModifiedTime", "ModifiedBy") VALUES ('4b40db56-7cab-434c-b561-362e0855a9a6', 'Sổ đỏ', 'Số đỏ là một tiểu thuyết văn học của nhà văn Vũ Trọng Phụng (ông vua phóng sự đất Bắc) đăng trên Hà Nội báo từ số 40 ngày 7 tháng 10 năm 1936 và được in thành sách lần đầu vào năm 1938, với 20 chương. Tác phẩm xoay quanh nhân vật chính là Xuân - biệt danh là Xuân Tóc đỏ - từ chỗ là một kẻ bị coi là hạ lưu, bỗng chốc đã bước lên tầng lớp danh giá của xã hội nhờ trào lưu Âu hóa của giới tiểu tư sản Hà Nội khi đó. Tác phẩm Số đỏ, cũng như các tác phẩm khác của Vũ Trọng Phụng đã từng bị cấm lưu hành tại Việt Nam Dân chủ Cộng hòa trước năm 1975 cũng như tại Việt Nam sau ngày thống nhất từ năm 1975 cho đến năm 1986.[1] Cho đến nay, Số đỏ đã được tái xuất bản và được phê duyệt ở Việt Nam. Đồng thời một đoạn trích của tác phẩm này cũng được đưa vào chương trình Ngữ văn lớp 12 (sách giáo khoa Ngữ Văn 12, chương trình mới, tập 1) với tên gọi: Xuân Tóc Đỏ cứu quốc (Nhan đề văn bản là một phần tên của chương XX trong tiểu thuyết Số đỏ: Xuân Tóc Đỏ cứu quốc - Xuân Tóc Đỏ vĩ nhân - Nỗi buồn của ông bố vợ không bị đấm.)', '12345678910', 155, '$300,000.00', '0.15', 200, '2025-06-17 00:00:00+07', 'https://localhost:7287/uploads/3a4c9e55-febf-4507-b82e-a462a2ab4971.jpg', 'e7094b37-8284-465d-aed4-70a539274b10', '217ec3b7-e512-4077-876b-9d9fee217c79', '2025-06-11 15:30:22.294002+07', 'ADMIN', NULL, NULL);
INSERT INTO "Book" ("BookId", "Title", "Description", "Isbn13", "Inventory", "Price", "DiscountPercent", "NumberOfPage", "PublicationDate", "ImageURL", "authorId", "publisherID", "CreatedTime", "CreatedBy", "ModifiedTime", "ModifiedBy") VALUES ('0744b043-191d-48fd-896b-87b656b9279c', 'Những ngày thơ ấu', 'Hồi ký cảm động về tuổi thơ đầy khốn khó', '9786043213212', 48, '$83,000.00', '0.05', 160, '2021-11-24 00:00:00+07', 'https://localhost:7287/uploads/90ded403-af3e-40b1-bc9a-52029ead48ea.jpg', 'e5dc79f6-fe07-4720-bbd4-732c0b782e29', '0ad9f6e8-1d43-40da-a2ea-40a763b66cc3', '2025-06-11 15:36:32.259194+07', 'ADMIN', '2025-06-11 15:46:52.398448+07', 'ADMIN');
INSERT INTO "Book" ("BookId", "Title", "Description", "Isbn13", "Inventory", "Price", "DiscountPercent", "NumberOfPage", "PublicationDate", "ImageURL", "authorId", "publisherID", "CreatedTime", "CreatedBy", "ModifiedTime", "ModifiedBy") VALUES ('a5d24d71-b55a-4f7f-bc0c-abbe7c92cff4', 'Đất rừng phương Nam', 'Hành trình phiêu lưu và lòng yêu nước của tuổi trẻ', '9786047894322', 65, '$88,000.00', '0.1', 230, '2023-06-09 00:00:00+07', 'https://localhost:7287/uploads/47d68086-5394-45cb-a6ef-4ed1605606ab.jpg', 'f6c6a099-4cd1-414e-b39e-157f9b270e7c', '217ec3b7-e512-4077-876b-9d9fee217c79', '2025-06-11 15:36:32.259194+07', 'ADMIN', '2025-06-11 15:51:25.718709+07', 'ADMIN');
INSERT INTO "Book" ("BookId", "Title", "Description", "Isbn13", "Inventory", "Price", "DiscountPercent", "NumberOfPage", "PublicationDate", "ImageURL", "authorId", "publisherID", "CreatedTime", "CreatedBy", "ModifiedTime", "ModifiedBy") VALUES ('13093831-7bb3-4c3b-9178-97f99d4ca0c9', 'Bến quê', 'Tác phẩm mang đậm tính triết lý và nhân văn', '9786043341555', 37, '$86,000.00', '0.12', 175, '2020-03-13 00:00:00+07', 'https://localhost:7287/uploads/1bd2a229-6bb9-4ae2-bea4-6c11270f2c81.jpg', '0c1ca46c-419e-4da4-b7b5-d9d6282584e2', '0ad9f6e8-1d43-40da-a2ea-40a763b66cc3', '2025-06-11 15:39:05.078136+07', 'ADMIN', '2025-06-11 15:53:17.741682+07', 'ADMIN');
INSERT INTO "Book" ("BookId", "Title", "Description", "Isbn13", "Inventory", "Price", "DiscountPercent", "NumberOfPage", "PublicationDate", "ImageURL", "authorId", "publisherID", "CreatedTime", "CreatedBy", "ModifiedTime", "ModifiedBy") VALUES ('7a8d9667-f7d2-438d-9d07-0dad159a1028', 'Người lái đò sông Đà', 'Bút ký tiêu biểu cho phong cách nghệ thuật của Nguyễn Tuân', '9786043341777', 39, '$97,000.00', '0.05', 210, '2023-02-21 00:00:00+07', 'https://localhost:7287/uploads/eaae0e80-88c9-4969-a0ad-baa3359d49b8.jpg', 'e794e7bd-42db-44ec-9e57-54aea038e17f', '65540d52-8997-46e5-9c68-50441ad18e0f', '2025-06-11 15:39:05.078136+07', 'ADMIN', '2025-06-11 15:54:27.254217+07', 'ADMIN');
INSERT INTO "Book" ("BookId", "Title", "Description", "Isbn13", "Inventory", "Price", "DiscountPercent", "NumberOfPage", "PublicationDate", "ImageURL", "authorId", "publisherID", "CreatedTime", "CreatedBy", "ModifiedTime", "ModifiedBy") VALUES ('c363e42e-1c68-43c8-a060-1742cbc56a90', 'Sống mòn', 'Một tác phẩm tiêu biểu phản ánh xã hội thực dân phong kiến', '9786041234567', 35, '$82,000.00', '0.05', 190, '2020-07-31 00:00:00+07', 'https://localhost:7287/uploads/6236c773-c1f8-46de-a360-5106edd41593.jpg', '4e366e12-6f13-4da5-b3bb-0574c3770463', '9a627119-cbdb-4961-8e25-57caed915161', '2025-06-11 15:36:32.259194+07', 'ADMIN', '2025-06-11 15:56:08.931549+07', 'ADMIN');
INSERT INTO "Book" ("BookId", "Title", "Description", "Isbn13", "Inventory", "Price", "DiscountPercent", "NumberOfPage", "PublicationDate", "ImageURL", "authorId", "publisherID", "CreatedTime", "CreatedBy", "ModifiedTime", "ModifiedBy") VALUES ('ea361199-8c9a-4b4a-a808-35ff1e35a189', 'Làng', 'Câu chuyện cảm động về tình yêu quê hương trong kháng chiến', '9786043341444', 50, '$88,000.00', '0.1', 150, '2022-01-27 00:00:00+07', 'https://localhost:7287/uploads/b5a9b33b-99f7-4be5-ad37-3713daddbc67.jpg', 'e5dc79f6-fe07-4720-bbd4-732c0b782e29', '9a627119-cbdb-4961-8e25-57caed915161', '2025-06-11 15:39:05.078136+07', 'ADMIN', '2025-06-11 15:57:01.354258+07', 'ADMIN');
INSERT INTO "Book" ("BookId", "Title", "Description", "Isbn13", "Inventory", "Price", "DiscountPercent", "NumberOfPage", "PublicationDate", "ImageURL", "authorId", "publisherID", "CreatedTime", "CreatedBy", "ModifiedTime", "ModifiedBy") VALUES ('ebf952fa-499e-4679-8689-804010c15f05', 'Vợ nhặt', 'Câu chuyện cảm động giữa nạn đói và lòng nhân đạo', '9786042091111', 70, '$78,000.00', '0.15', 150, '2019-12-19 00:00:00+07', 'https://localhost:7287/uploads/62b811e1-a758-44b7-859c-6709b09c68e4.webp', 'c6bff333-60bc-4dda-b894-6e9d80039479', '65540d52-8997-46e5-9c68-50441ad18e0f', '2025-06-11 15:36:32.259194+07', 'ADMIN', '2025-06-11 15:57:25.367562+07', 'ADMIN');
INSERT INTO "Book" ("BookId", "Title", "Description", "Isbn13", "Inventory", "Price", "DiscountPercent", "NumberOfPage", "PublicationDate", "ImageURL", "authorId", "publisherID", "CreatedTime", "CreatedBy", "ModifiedTime", "ModifiedBy") VALUES ('06087770-d2f6-496a-9700-3cb6fd215983', 'Chiếc thuyền ngoài xa', 'Truyện ngắn nổi tiếng của Nguyễn Minh Châu về số phận con người trong xã hội', '9786043341111', 44, '$89,000.00', '0.1', 185, '2021-08-31 00:00:00+07', 'https://localhost:7287/uploads/8f5807f5-c7b5-4cce-a15a-518118b29753.jpg', '0c1ca46c-419e-4da4-b7b5-d9d6282584e2', 'f2c3835a-d92b-49b0-ac93-22c9680c90fd', '2025-06-11 15:39:05.078136+07', 'ADMIN', '2025-06-11 15:48:38.973033+07', 'ADMIN');
INSERT INTO "Book" ("BookId", "Title", "Description", "Isbn13", "Inventory", "Price", "DiscountPercent", "NumberOfPage", "PublicationDate", "ImageURL", "authorId", "publisherID", "CreatedTime", "CreatedBy", "ModifiedTime", "ModifiedBy") VALUES ('285b87ef-dbcd-450c-890a-c57e76b1db86', 'Tuổi thơ dữ dội', 'Một tác phẩm kinh điển về thiếu nhi trong thời chiến', '9786042091234', 50, '$95,000.00', '0.1', 220, '2021-05-13 00:00:00+07', 'https://localhost:7287/uploads/818a1671-ef68-4264-a4eb-8e4be1a33ee4.jpg', 'f6f22161-defb-4679-807e-cd925a903bc1', '217ec3b7-e512-4077-876b-9d9fee217c79', '2025-06-11 15:36:32.259194+07', 'ADMIN', '2025-06-11 15:45:34.909286+07', 'ADMIN');
INSERT INTO "Book" ("BookId", "Title", "Description", "Isbn13", "Inventory", "Price", "DiscountPercent", "NumberOfPage", "PublicationDate", "ImageURL", "authorId", "publisherID", "CreatedTime", "CreatedBy", "ModifiedTime", "ModifiedBy") VALUES ('6d46375e-3a4c-42f1-9d07-75f9d9bd5bfd', 'Tùy bút Sông Đà', 'Ghi chép độc đáo về thiên nhiên và con người Tây Bắc', '9786042101123', 30, '$99,000.00', '0.2', 175, '2017-07-29 00:00:00+07', 'https://localhost:7287/uploads/1807fd1c-fb99-4f44-aa5d-187876cda49d.jpg', 'e794e7bd-42db-44ec-9e57-54aea038e17f', '95251ecc-2083-4bc6-b663-036d113fbb1f', '2025-06-11 15:36:32.259194+07', 'ADMIN', '2025-06-11 15:46:13.806191+07', 'ADMIN');
INSERT INTO "Book" ("BookId", "Title", "Description", "Isbn13", "Inventory", "Price", "DiscountPercent", "NumberOfPage", "PublicationDate", "ImageURL", "authorId", "publisherID", "CreatedTime", "CreatedBy", "ModifiedTime", "ModifiedBy") VALUES ('08e11b97-88d8-487c-8788-7f9820425236', 'Một người Hà Nội', 'Tác phẩm thể hiện nét đẹp con người trong bối cảnh đổi mới', '9786043341222', 32, '$81,000.00', '0.05', 160, '2020-07-11 00:00:00+07', 'https://localhost:7287/uploads/6a7e9a7d-5ba7-4d75-9b87-8e3fbdc7a792.jpg', 'f6c6a099-4cd1-414e-b39e-157f9b270e7c', '217ec3b7-e512-4077-876b-9d9fee217c79', '2025-06-11 15:39:05.078136+07', 'ADMIN', '2025-06-11 15:50:26.233301+07', 'ADMIN');
INSERT INTO "Book" ("BookId", "Title", "Description", "Isbn13", "Inventory", "Price", "DiscountPercent", "NumberOfPage", "PublicationDate", "ImageURL", "authorId", "publisherID", "CreatedTime", "CreatedBy", "ModifiedTime", "ModifiedBy") VALUES ('e49858cc-104b-4a8f-8c31-c7c5e8c2953d', 'Tắt đèn', 'Một tác phẩm hiện thực phản ánh số phận người nông dân', '9786045678910', 60, '$91,000.00', '0.12', 180, '2018-03-13 00:00:00+07', 'https://localhost:7287/uploads/9a4276ee-3f48-48b8-89e8-ecea077cbd9b.jpg', '2468e1a6-2abf-4bab-9aeb-3d6095943e2e', '0ad9f6e8-1d43-40da-a2ea-40a763b66cc3', '2025-06-11 15:36:32.259194+07', 'ADMIN', '2025-06-11 15:56:27.922613+07', 'ADMIN');
INSERT INTO "Book" ("BookId", "Title", "Description", "Isbn13", "Inventory", "Price", "DiscountPercent", "NumberOfPage", "PublicationDate", "ImageURL", "authorId", "publisherID", "CreatedTime", "CreatedBy", "ModifiedTime", "ModifiedBy") VALUES ('1258fe4d-db2d-420f-80f4-1a5a90be0867', 'Mảnh trăng cuối rừng', 'Tác phẩm tình cảm thời chiến giàu hình tượng nghệ thuật', '9786043342000', 40, '$84,000.00', '0.08', 170, '2018-08-24 00:00:00+07', 'https://localhost:7287/uploads/2de453e1-0c96-43ce-b4a6-706a8c9489e7.jpg', 'f6f22161-defb-4679-807e-cd925a903bc1', '0ad9f6e8-1d43-40da-a2ea-40a763b66cc3', '2025-06-11 15:39:05.078136+07', 'ADMIN', '2025-06-11 15:58:56.682508+07', 'ADMIN');
INSERT INTO "Book" ("BookId", "Title", "Description", "Isbn13", "Inventory", "Price", "DiscountPercent", "NumberOfPage", "PublicationDate", "ImageURL", "authorId", "publisherID", "CreatedTime", "CreatedBy", "ModifiedTime", "ModifiedBy") VALUES ('a511ec02-dd0c-4b84-8fb0-c2c38748667c', 'Thời xa vắng', 'Tiểu thuyết tâm lý xã hội tiêu biểu của văn học thời kỳ đổi mới', '9786043342019', 35, '$95,000.00', '0.1', 230, '2022-02-17 00:00:00+07', 'https://localhost:7287/uploads/324e2e71-0a18-42b6-ad3e-ac27f50b3335.webp', '0c1ca46c-419e-4da4-b7b5-d9d6282584e2', 'f2c3835a-d92b-49b0-ac93-22c9680c90fd', '2025-06-11 15:41:06.232389+07', 'ADMIN', '2025-06-11 16:03:48.488534+07', 'ADMIN');
INSERT INTO "Book" ("BookId", "Title", "Description", "Isbn13", "Inventory", "Price", "DiscountPercent", "NumberOfPage", "PublicationDate", "ImageURL", "authorId", "publisherID", "CreatedTime", "CreatedBy", "ModifiedTime", "ModifiedBy") VALUES ('36a4d355-a87f-4e84-9c5b-9e81a576db7e', 'Mắt biếc', 'Tiểu thuyết tình cảm nổi tiếng, giàu cảm xúc và lãng mạn', '9786043342012', 50, '$97,000.00', '0.15', 210, '2020-12-14 00:00:00+07', 'https://localhost:7287/uploads/35709a48-32cb-44ee-98db-f9b23c692e38.jpg', 'dc3f805e-d6b3-40c8-928c-c147bdf180f4', '95251ecc-2083-4bc6-b663-036d113fbb1f', '2025-06-11 15:41:06.232389+07', 'ADMIN', '2025-06-11 16:01:04.627329+07', 'ADMIN');
INSERT INTO "Book" ("BookId", "Title", "Description", "Isbn13", "Inventory", "Price", "DiscountPercent", "NumberOfPage", "PublicationDate", "ImageURL", "authorId", "publisherID", "CreatedTime", "CreatedBy", "ModifiedTime", "ModifiedBy") VALUES ('0acae2f2-c2e4-450a-a55e-9eced1b3aa20', 'Những tấm lòng cao cả', 'Tác phẩm thiếu nhi truyền cảm hứng về lòng vị tha và nhân ái', '9786043342020', 65, '$82,000.00', '0.12', 180, '2023-03-06 00:00:00+07', 'https://localhost:7287/uploads/4ca7a9dc-7346-4523-ba97-de050b50c05b.webp', 'e5dc79f6-fe07-4720-bbd4-732c0b782e29', 'f87ecfb2-914b-465a-a8eb-6e9e6765e9a5', '2025-06-11 15:41:06.232389+07', 'ADMIN', '2025-06-11 16:01:40.352428+07', 'ADMIN');
INSERT INTO "Book" ("BookId", "Title", "Description", "Isbn13", "Inventory", "Price", "DiscountPercent", "NumberOfPage", "PublicationDate", "ImageURL", "authorId", "publisherID", "CreatedTime", "CreatedBy", "ModifiedTime", "ModifiedBy") VALUES ('425a0aae-a0c4-4a51-a6f3-615351621cdd', 'Người mẹ cầm súng', 'Câu chuyện cảm động về người mẹ anh hùng thời kháng chiến', '9786043342011', 30, '$85,000.00', '0.1', 160, '2022-07-19 00:00:00+07', 'https://localhost:7287/uploads/999c91dd-3be8-4b53-a8c8-10e016f9adb0.webp', 'e3cf7b4b-47ce-4db1-bc0a-f0ca562c75cc', '217ec3b7-e512-4077-876b-9d9fee217c79', '2025-06-11 15:41:06.232389+07', 'ADMIN', '2025-06-11 16:02:06.465528+07', 'ADMIN');
INSERT INTO "Book" ("BookId", "Title", "Description", "Isbn13", "Inventory", "Price", "DiscountPercent", "NumberOfPage", "PublicationDate", "ImageURL", "authorId", "publisherID", "CreatedTime", "CreatedBy", "ModifiedTime", "ModifiedBy") VALUES ('39a35f96-19d1-4b05-b95c-ea83f95a64bc', 'Vợ chồng A Phủ', 'Câu chuyện sống động về số phận người dân tộc vùng núi', '9786043342017', 48, '$89,000.00', '0.1', 160, '2020-09-24 00:00:00+07', 'https://localhost:7287/uploads/bdcf145f-578f-44ec-bd4b-3c1c802cc6ec.jpg', 'e7094b37-8284-465d-aed4-70a539274b10', '65540d52-8997-46e5-9c68-50441ad18e0f', '2025-06-11 15:41:06.232389+07', 'ADMIN', '2025-06-11 16:03:00.215346+07', 'ADMIN');
INSERT INTO "Book" ("BookId", "Title", "Description", "Isbn13", "Inventory", "Price", "DiscountPercent", "NumberOfPage", "PublicationDate", "ImageURL", "authorId", "publisherID", "CreatedTime", "CreatedBy", "ModifiedTime", "ModifiedBy") VALUES ('415f53af-b331-48c3-a4f5-946c0ba849ea', 'Lão Hạc', 'Một trong những truyện ngắn sâu sắc về thân phận người nông dân', '9786043342018', 52, '$76,000.00', '0.05', 120, '2021-01-09 00:00:00+07', 'https://localhost:7287/uploads/31326559-fbf5-4c43-ae56-47beb2b4b03a.jpg', '4e366e12-6f13-4da5-b3bb-0574c3770463', '217ec3b7-e512-4077-876b-9d9fee217c79', '2025-06-11 15:41:06.232389+07', 'ADMIN', '2025-06-11 16:03:24.8355+07', 'ADMIN');
INSERT INTO "Book" ("BookId", "Title", "Description", "Isbn13", "Inventory", "Price", "DiscountPercent", "NumberOfPage", "PublicationDate", "ImageURL", "authorId", "publisherID", "CreatedTime", "CreatedBy", "ModifiedTime", "ModifiedBy") VALUES ('cb41ca45-8142-4f14-bcb2-99e6189af1e4', 'Chiếc lá cuối cùng', 'Tác phẩm văn học giàu tính nhân văn và tình người', '9786043342015', 55, '$78,000.00', '0.08', 145, '2019-11-10 00:00:00+07', 'https://localhost:7287/uploads/f3b3a9a1-f2d9-40a1-9bbd-e38759a628f6.jpg', '8ee8a41f-d6da-4bb3-b806-c5ed83a23b2d', '9a627119-cbdb-4961-8e25-57caed915161', '2025-06-11 15:41:06.232389+07', 'ADMIN', '2025-06-11 16:04:12.565532+07', 'ADMIN');
INSERT INTO "Book" ("BookId", "Title", "Description", "Isbn13", "Inventory", "Price", "DiscountPercent", "NumberOfPage", "PublicationDate", "ImageURL", "authorId", "publisherID", "CreatedTime", "CreatedBy", "ModifiedTime", "ModifiedBy") VALUES ('d7737720-9ab9-4618-9718-d51a388fdeda', 'Chiếc lược ngà', 'Tác phẩm thiếu nhi cảm động về tình cha con trong chiến tranh', '9786043342013', 60, '$74,000.00', '0.1', 125, '2021-05-09 00:00:00+07', 'https://localhost:7287/uploads/c82249da-cd0d-4959-90bd-871950705809.jpg', '35704b93-880b-4f59-b9eb-78607dfbd990', 'f87ecfb2-914b-465a-a8eb-6e9e6765e9a5', '2025-06-11 15:41:06.232389+07', 'ADMIN', '2025-06-11 16:04:40.394518+07', 'ADMIN');
INSERT INTO "Book" ("BookId", "Title", "Description", "Isbn13", "Inventory", "Price", "DiscountPercent", "NumberOfPage", "PublicationDate", "ImageURL", "authorId", "publisherID", "CreatedTime", "CreatedBy", "ModifiedTime", "ModifiedBy") VALUES ('0eaa0f28-385d-4d45-a4b5-7079efb877c4', 'Dế mèn phiêu lưu ký', 'Cuộc phiêu lưu kỳ thú đầy nhân văn của Dế Mèn', '9786046789999', 88, '$92,000.00', '0.1', 210, '2024-04-17 00:00:00+07', 'https://localhost:7287/uploads/a51f3982-a974-42d6-9cbe-89c5e926dc08.jpg', 'e3cf7b4b-47ce-4db1-bc0a-f0ca562c75cc', '217ec3b7-e512-4077-876b-9d9fee217c79', '2025-06-11 15:36:32.259194+07', 'ADMIN', '2025-06-11 15:47:40.277776+07', 'ADMIN');
INSERT INTO "Book" ("BookId", "Title", "Description", "Isbn13", "Inventory", "Price", "DiscountPercent", "NumberOfPage", "PublicationDate", "ImageURL", "authorId", "publisherID", "CreatedTime", "CreatedBy", "ModifiedTime", "ModifiedBy") VALUES ('0fd50020-a7d1-480e-a665-6cce44db8c05', 'Đôi mắt', 'Truyện ngắn phản ánh góc nhìn của trí thức cách mạng', '9786043341666', 40, '$83,000.00', '0.1', 145, '2019-06-09 00:00:00+07', 'https://localhost:7287/uploads/5255d109-245e-4cd1-83b5-a38f104deafa.jpeg', '4e366e12-6f13-4da5-b3bb-0574c3770463', 'f87ecfb2-914b-465a-a8eb-6e9e6765e9a5', '2025-06-11 15:39:05.078136+07', 'ADMIN', '2025-06-11 15:54:04.843096+07', 'ADMIN');
INSERT INTO "Book" ("BookId", "Title", "Description", "Isbn13", "Inventory", "Price", "DiscountPercent", "NumberOfPage", "PublicationDate", "ImageURL", "authorId", "publisherID", "CreatedTime", "CreatedBy", "ModifiedTime", "ModifiedBy") VALUES ('23da33a4-6e15-4f10-af99-22aaf1f0e5be', 'Rừng xà nu', 'Truyện ngắn nổi tiếng thể hiện tinh thần kháng chiến bất khuất', '9786043342014', 40, '$89,000.00', '0.12', 170, '2021-02-28 00:00:00+07', 'https://localhost:7287/uploads/69c2145c-0a6d-4a5a-8602-706e0402ab45.jpg', 'f6c6a099-4cd1-414e-b39e-157f9b270e7c', 'f2c3835a-d92b-49b0-ac93-22c9680c90fd', '2025-06-11 15:41:06.232389+07', 'ADMIN', '2025-06-11 16:00:35.27171+07', 'ADMIN');
INSERT INTO "Book" ("BookId", "Title", "Description", "Isbn13", "Inventory", "Price", "DiscountPercent", "NumberOfPage", "PublicationDate", "ImageURL", "authorId", "publisherID", "CreatedTime", "CreatedBy", "ModifiedTime", "ModifiedBy") VALUES ('167c53ca-f63a-420d-a4a9-b857bc7229d8', 'Các Triều Đại Việt Nam', 'Các Triều Đại Việt Nam



Dân tộc Việt Nam anh hùng đã trải qua hơn bốn ngàn năm lịch sử dựng nước và giữ nước. Với ý chí quật cường ông cha ta đã viết nên những trang sử vàng chói lói làm vẻ vang cho dân tộc ta, đất nước ta.



Quá khứ và hiện tại, lịch sử và cảnh quan, thiên nhiên và con người hòa quyện nhau như đưa ta về cội nguồn ngàn năm bất khuất của dân tộc để tìm hiểu, để khám phá, để tin tưởng ở khí phách, tài trí, lòng yêu nước, tinh thần tự hào, tự tôn dân tộc, ý thức độc lập, tự chủ, tự lực, tự cường, truyển thống văn hiến và ý chí thống nhất đất nước của nhân dân ta.



Cuốn sách này sẽ giúp các bạn có dịp tìm hiểu sâu hơn nữa quá trình phát triển kế tiếp nhau của các triều đại, các ông vua bà chúa từ thời kì đầu dựng nước của các vua Hùng đến vị vua cuối cùng Bảo Đại.', '12345678910', 99, '$100,000.00', '0.1', 100, '2024-12-30 00:00:00+07', 'https://localhost:7287/uploads/cd9f4d46-2fa5-47a5-a19a-c7bed8439fa7.jpg', 'dc3f805e-d6b3-40c8-928c-c147bdf180f4', '95251ecc-2083-4bc6-b663-036d113fbb1f', '2025-06-11 15:18:34.134728+07', 'ADMIN', '2025-06-11 15:19:21.616425+07', 'ADMIN');
INSERT INTO "Book" ("BookId", "Title", "Description", "Isbn13", "Inventory", "Price", "DiscountPercent", "NumberOfPage", "PublicationDate", "ImageURL", "authorId", "publisherID", "CreatedTime", "CreatedBy", "ModifiedTime", "ModifiedBy") VALUES ('376d092b-59f9-45df-b49a-5c8069123dfc', 'Vang bóng một thời', 'Tuyển tập truyện ngắn nổi tiếng của Nguyễn Tuân', '9786043341888', 53, '$91,000.00', '0.1', 200, '2021-04-16 00:00:00+07', 'https://localhost:7287/uploads/181d4795-2342-4f22-966d-ff4045ec1f47.jpg', 'e794e7bd-42db-44ec-9e57-54aea038e17f', '95251ecc-2083-4bc6-b663-036d113fbb1f', '2025-06-11 15:39:05.078136+07', 'ADMIN', '2025-06-11 15:55:13.817378+07', 'ADMIN');
INSERT INTO "Book" ("BookId", "Title", "Description", "Isbn13", "Inventory", "Price", "DiscountPercent", "NumberOfPage", "PublicationDate", "ImageURL", "authorId", "publisherID", "CreatedTime", "CreatedBy", "ModifiedTime", "ModifiedBy") VALUES ('acb797ca-3184-4d4b-b04c-c2ba85e4868b', 'Hai đứa trẻ', 'Bức tranh làng quê Việt Nam với những tâm hồn mơ mộng', '9786041238901', 54, '$77,000.00', '0.1', 110, '2021-01-07 00:00:00+07', 'https://localhost:7287/uploads/bc18d7e4-1fc3-4436-a486-74c8471259ec.jpg', '8ee8a41f-d6da-4bb3-b806-c5ed83a23b2d', 'f2c3835a-d92b-49b0-ac93-22c9680c90fd', '2025-06-11 15:36:32.259194+07', 'ADMIN', '2025-06-11 15:55:43.910615+07', 'ADMIN');
INSERT INTO "BookCategory" ("CategoryId", "BookId") VALUES ('45437070-a111-43b2-8161-538c5a048cf9', '167c53ca-f63a-420d-a4a9-b857bc7229d8');
INSERT INTO "BookCategory" ("CategoryId", "BookId") VALUES ('2dbd08c6-6c1b-4274-bd77-070e805f45a1', '17bb394b-19b7-4537-ba32-56bfb15e2727');
INSERT INTO "BookCategory" ("CategoryId", "BookId") VALUES ('fa7d67b3-b5fa-4cec-b8dd-634410115fd1', '17bb394b-19b7-4537-ba32-56bfb15e2727');
INSERT INTO "BookCategory" ("CategoryId", "BookId") VALUES ('2dbd08c6-6c1b-4274-bd77-070e805f45a1', '4b40db56-7cab-434c-b561-362e0855a9a6');
INSERT INTO "BookCategory" ("CategoryId", "BookId") VALUES ('fa7d67b3-b5fa-4cec-b8dd-634410115fd1', '4b40db56-7cab-434c-b561-362e0855a9a6');
INSERT INTO "BookCategory" ("CategoryId", "BookId") VALUES ('fa7d67b3-b5fa-4cec-b8dd-634410115fd1', '285b87ef-dbcd-450c-890a-c57e76b1db86');
INSERT INTO "BookCategory" ("CategoryId", "BookId") VALUES ('2dbd08c6-6c1b-4274-bd77-070e805f45a1', '6d46375e-3a4c-42f1-9d07-75f9d9bd5bfd');
INSERT INTO "BookCategory" ("CategoryId", "BookId") VALUES ('fa7d67b3-b5fa-4cec-b8dd-634410115fd1', '6d46375e-3a4c-42f1-9d07-75f9d9bd5bfd');
INSERT INTO "BookCategory" ("CategoryId", "BookId") VALUES ('45437070-a111-43b2-8161-538c5a048cf9', '0744b043-191d-48fd-896b-87b656b9279c');
INSERT INTO "BookCategory" ("CategoryId", "BookId") VALUES ('4a05df65-ac51-4395-b1a1-c7e50122a6d9', '0744b043-191d-48fd-896b-87b656b9279c');
INSERT INTO "BookCategory" ("CategoryId", "BookId") VALUES ('fa7d67b3-b5fa-4cec-b8dd-634410115fd1', '0744b043-191d-48fd-896b-87b656b9279c');
INSERT INTO "BookCategory" ("CategoryId", "BookId") VALUES ('45437070-a111-43b2-8161-538c5a048cf9', '0eaa0f28-385d-4d45-a4b5-7079efb877c4');
INSERT INTO "BookCategory" ("CategoryId", "BookId") VALUES ('80c18c4a-c566-461b-b70d-ab194a9b2180', '0eaa0f28-385d-4d45-a4b5-7079efb877c4');
INSERT INTO "BookCategory" ("CategoryId", "BookId") VALUES ('80c18c4a-c566-461b-b70d-ab194a9b2180', '06087770-d2f6-496a-9700-3cb6fd215983');
INSERT INTO "BookCategory" ("CategoryId", "BookId") VALUES ('fa7d67b3-b5fa-4cec-b8dd-634410115fd1', '06087770-d2f6-496a-9700-3cb6fd215983');
INSERT INTO "BookCategory" ("CategoryId", "BookId") VALUES ('45437070-a111-43b2-8161-538c5a048cf9', '08e11b97-88d8-487c-8788-7f9820425236');
INSERT INTO "BookCategory" ("CategoryId", "BookId") VALUES ('53dddd72-a2dd-4d22-99ce-e05fe16ebc80', '08e11b97-88d8-487c-8788-7f9820425236');
INSERT INTO "BookCategory" ("CategoryId", "BookId") VALUES ('66a8354a-9db3-4e35-bdf7-630a81ab7040', '08e11b97-88d8-487c-8788-7f9820425236');
INSERT INTO "BookCategory" ("CategoryId", "BookId") VALUES ('6fa3c14b-43dd-4f76-9e5b-0546db40c9b4', '08e11b97-88d8-487c-8788-7f9820425236');
INSERT INTO "BookCategory" ("CategoryId", "BookId") VALUES ('66a8354a-9db3-4e35-bdf7-630a81ab7040', 'a5d24d71-b55a-4f7f-bc0c-abbe7c92cff4');
INSERT INTO "BookCategory" ("CategoryId", "BookId") VALUES ('6fa3c14b-43dd-4f76-9e5b-0546db40c9b4', 'a5d24d71-b55a-4f7f-bc0c-abbe7c92cff4');
INSERT INTO "BookCategory" ("CategoryId", "BookId") VALUES ('80c18c4a-c566-461b-b70d-ab194a9b2180', 'a5d24d71-b55a-4f7f-bc0c-abbe7c92cff4');
INSERT INTO "BookCategory" ("CategoryId", "BookId") VALUES ('fa7d67b3-b5fa-4cec-b8dd-634410115fd1', 'a5d24d71-b55a-4f7f-bc0c-abbe7c92cff4');
INSERT INTO "BookCategory" ("CategoryId", "BookId") VALUES ('2dbd08c6-6c1b-4274-bd77-070e805f45a1', '13093831-7bb3-4c3b-9178-97f99d4ca0c9');
INSERT INTO "BookCategory" ("CategoryId", "BookId") VALUES ('66a8354a-9db3-4e35-bdf7-630a81ab7040', '13093831-7bb3-4c3b-9178-97f99d4ca0c9');
INSERT INTO "BookCategory" ("CategoryId", "BookId") VALUES ('80c18c4a-c566-461b-b70d-ab194a9b2180', '13093831-7bb3-4c3b-9178-97f99d4ca0c9');
INSERT INTO "BookCategory" ("CategoryId", "BookId") VALUES ('fa7d67b3-b5fa-4cec-b8dd-634410115fd1', '13093831-7bb3-4c3b-9178-97f99d4ca0c9');
INSERT INTO "BookCategory" ("CategoryId", "BookId") VALUES ('2dbd08c6-6c1b-4274-bd77-070e805f45a1', '0fd50020-a7d1-480e-a665-6cce44db8c05');
INSERT INTO "BookCategory" ("CategoryId", "BookId") VALUES ('53dddd72-a2dd-4d22-99ce-e05fe16ebc80', '0fd50020-a7d1-480e-a665-6cce44db8c05');
INSERT INTO "BookCategory" ("CategoryId", "BookId") VALUES ('6fa3c14b-43dd-4f76-9e5b-0546db40c9b4', '0fd50020-a7d1-480e-a665-6cce44db8c05');
INSERT INTO "BookCategory" ("CategoryId", "BookId") VALUES ('6fa3c14b-43dd-4f76-9e5b-0546db40c9b4', '7a8d9667-f7d2-438d-9d07-0dad159a1028');
INSERT INTO "BookCategory" ("CategoryId", "BookId") VALUES ('80c18c4a-c566-461b-b70d-ab194a9b2180', '7a8d9667-f7d2-438d-9d07-0dad159a1028');
INSERT INTO "BookCategory" ("CategoryId", "BookId") VALUES ('fa7d67b3-b5fa-4cec-b8dd-634410115fd1', '7a8d9667-f7d2-438d-9d07-0dad159a1028');
INSERT INTO "BookCategory" ("CategoryId", "BookId") VALUES ('53dddd72-a2dd-4d22-99ce-e05fe16ebc80', '376d092b-59f9-45df-b49a-5c8069123dfc');
INSERT INTO "BookCategory" ("CategoryId", "BookId") VALUES ('80c18c4a-c566-461b-b70d-ab194a9b2180', '376d092b-59f9-45df-b49a-5c8069123dfc');
INSERT INTO "BookCategory" ("CategoryId", "BookId") VALUES ('fa7d67b3-b5fa-4cec-b8dd-634410115fd1', '376d092b-59f9-45df-b49a-5c8069123dfc');
INSERT INTO "BookCategory" ("CategoryId", "BookId") VALUES ('66a8354a-9db3-4e35-bdf7-630a81ab7040', 'acb797ca-3184-4d4b-b04c-c2ba85e4868b');
INSERT INTO "BookCategory" ("CategoryId", "BookId") VALUES ('9d76bfb5-f3bd-4739-aa81-00772a7715b7', 'acb797ca-3184-4d4b-b04c-c2ba85e4868b');
INSERT INTO "BookCategory" ("CategoryId", "BookId") VALUES ('fa7d67b3-b5fa-4cec-b8dd-634410115fd1', 'acb797ca-3184-4d4b-b04c-c2ba85e4868b');
INSERT INTO "BookCategory" ("CategoryId", "BookId") VALUES ('4a05df65-ac51-4395-b1a1-c7e50122a6d9', 'c363e42e-1c68-43c8-a060-1742cbc56a90');
INSERT INTO "BookCategory" ("CategoryId", "BookId") VALUES ('fa7d67b3-b5fa-4cec-b8dd-634410115fd1', 'c363e42e-1c68-43c8-a060-1742cbc56a90');
INSERT INTO "BookCategory" ("CategoryId", "BookId") VALUES ('45437070-a111-43b2-8161-538c5a048cf9', 'e49858cc-104b-4a8f-8c31-c7c5e8c2953d');
INSERT INTO "BookCategory" ("CategoryId", "BookId") VALUES ('66a8354a-9db3-4e35-bdf7-630a81ab7040', 'e49858cc-104b-4a8f-8c31-c7c5e8c2953d');
INSERT INTO "BookCategory" ("CategoryId", "BookId") VALUES ('fa7d67b3-b5fa-4cec-b8dd-634410115fd1', 'e49858cc-104b-4a8f-8c31-c7c5e8c2953d');
INSERT INTO "BookCategory" ("CategoryId", "BookId") VALUES ('2dbd08c6-6c1b-4274-bd77-070e805f45a1', 'ea361199-8c9a-4b4a-a808-35ff1e35a189');
INSERT INTO "BookCategory" ("CategoryId", "BookId") VALUES ('45437070-a111-43b2-8161-538c5a048cf9', 'ea361199-8c9a-4b4a-a808-35ff1e35a189');
INSERT INTO "BookCategory" ("CategoryId", "BookId") VALUES ('80c18c4a-c566-461b-b70d-ab194a9b2180', 'ea361199-8c9a-4b4a-a808-35ff1e35a189');
INSERT INTO "BookCategory" ("CategoryId", "BookId") VALUES ('fa7d67b3-b5fa-4cec-b8dd-634410115fd1', 'ea361199-8c9a-4b4a-a808-35ff1e35a189');
INSERT INTO "BookCategory" ("CategoryId", "BookId") VALUES ('2dbd08c6-6c1b-4274-bd77-070e805f45a1', 'ebf952fa-499e-4679-8689-804010c15f05');
INSERT INTO "BookCategory" ("CategoryId", "BookId") VALUES ('80c18c4a-c566-461b-b70d-ab194a9b2180', '1258fe4d-db2d-420f-80f4-1a5a90be0867');
INSERT INTO "BookCategory" ("CategoryId", "BookId") VALUES ('6fa3c14b-43dd-4f76-9e5b-0546db40c9b4', '23da33a4-6e15-4f10-af99-22aaf1f0e5be');
INSERT INTO "BookCategory" ("CategoryId", "BookId") VALUES ('80c18c4a-c566-461b-b70d-ab194a9b2180', '23da33a4-6e15-4f10-af99-22aaf1f0e5be');
INSERT INTO "BookCategory" ("CategoryId", "BookId") VALUES ('4a05df65-ac51-4395-b1a1-c7e50122a6d9', '36a4d355-a87f-4e84-9c5b-9e81a576db7e');
INSERT INTO "BookCategory" ("CategoryId", "BookId") VALUES ('fa7d67b3-b5fa-4cec-b8dd-634410115fd1', '36a4d355-a87f-4e84-9c5b-9e81a576db7e');
INSERT INTO "BookCategory" ("CategoryId", "BookId") VALUES ('6fa3c14b-43dd-4f76-9e5b-0546db40c9b4', '0acae2f2-c2e4-450a-a55e-9eced1b3aa20');
INSERT INTO "BookCategory" ("CategoryId", "BookId") VALUES ('80c18c4a-c566-461b-b70d-ab194a9b2180', '0acae2f2-c2e4-450a-a55e-9eced1b3aa20');
INSERT INTO "BookCategory" ("CategoryId", "BookId") VALUES ('9d76bfb5-f3bd-4739-aa81-00772a7715b7', '0acae2f2-c2e4-450a-a55e-9eced1b3aa20');
INSERT INTO "BookCategory" ("CategoryId", "BookId") VALUES ('45437070-a111-43b2-8161-538c5a048cf9', '425a0aae-a0c4-4a51-a6f3-615351621cdd');
INSERT INTO "BookCategory" ("CategoryId", "BookId") VALUES ('66a8354a-9db3-4e35-bdf7-630a81ab7040', '425a0aae-a0c4-4a51-a6f3-615351621cdd');
INSERT INTO "BookCategory" ("CategoryId", "BookId") VALUES ('fa7d67b3-b5fa-4cec-b8dd-634410115fd1', '425a0aae-a0c4-4a51-a6f3-615351621cdd');
INSERT INTO "BookCategory" ("CategoryId", "BookId") VALUES ('6fa3c14b-43dd-4f76-9e5b-0546db40c9b4', '39a35f96-19d1-4b05-b95c-ea83f95a64bc');
INSERT INTO "BookCategory" ("CategoryId", "BookId") VALUES ('80c18c4a-c566-461b-b70d-ab194a9b2180', '39a35f96-19d1-4b05-b95c-ea83f95a64bc');
INSERT INTO "BookCategory" ("CategoryId", "BookId") VALUES ('53dddd72-a2dd-4d22-99ce-e05fe16ebc80', '415f53af-b331-48c3-a4f5-946c0ba849ea');
INSERT INTO "BookCategory" ("CategoryId", "BookId") VALUES ('66a8354a-9db3-4e35-bdf7-630a81ab7040', '415f53af-b331-48c3-a4f5-946c0ba849ea');
INSERT INTO "BookCategory" ("CategoryId", "BookId") VALUES ('fa7d67b3-b5fa-4cec-b8dd-634410115fd1', '415f53af-b331-48c3-a4f5-946c0ba849ea');
INSERT INTO "BookCategory" ("CategoryId", "BookId") VALUES ('2dbd08c6-6c1b-4274-bd77-070e805f45a1', 'a511ec02-dd0c-4b84-8fb0-c2c38748667c');
INSERT INTO "BookCategory" ("CategoryId", "BookId") VALUES ('6fa3c14b-43dd-4f76-9e5b-0546db40c9b4', 'a511ec02-dd0c-4b84-8fb0-c2c38748667c');
INSERT INTO "BookCategory" ("CategoryId", "BookId") VALUES ('80c18c4a-c566-461b-b70d-ab194a9b2180', 'a511ec02-dd0c-4b84-8fb0-c2c38748667c');
INSERT INTO "BookCategory" ("CategoryId", "BookId") VALUES ('4a05df65-ac51-4395-b1a1-c7e50122a6d9', 'cb41ca45-8142-4f14-bcb2-99e6189af1e4');
INSERT INTO "BookCategory" ("CategoryId", "BookId") VALUES ('45437070-a111-43b2-8161-538c5a048cf9', 'd7737720-9ab9-4618-9718-d51a388fdeda');
INSERT INTO "BookCategory" ("CategoryId", "BookId") VALUES ('fa7d67b3-b5fa-4cec-b8dd-634410115fd1', 'd7737720-9ab9-4618-9718-d51a388fdeda');

INSERT INTO "Order" ("OrderId", "Total", "OrderStatus", "TransactionId", "Address", "Ward", "District", "PhoneNumber", "FullName", "City", "TrackingNumber", "Carrier", "ShippingCost", "PaymentStatus", "OrderCode", "PaymentMethod", "PaymentTime", "CreatedTime", "CreatedBy", "ModifiedTime", "ModifiedBy", "UserId") VALUES ('af526a48-f2e1-4e40-a5c3-ba0071e97938', '114821.0000', 'Approved', NULL, 'DG382P9n6j9+9g7L6cLFyw==', 'WF58NKS4Ev4rnP8N1uBgcVsXKBU7RsBQUz8/mSaoKSI=', 'wrLaBjuYAhzvrPe/2lDomcA8t04ZRsqP7j1b+axmnLQ=', 'bJ611VZpJCAbgk2Twb5CHA==', 'm+YGeXjAOC9nol1yKhAAqA==', 'DG382P9n6j9+9g7L6cLFyw==', NULL, NULL, '36501', 'Cash', 'ORD20250611160703AZFL', 'cash', NULL, '2025-06-11 16:07:03.840797+07', 'duyvipx201', NULL, NULL, 'dd54b857-471d-4727-bb46-1130909a7b59');
INSERT INTO "Order" ("OrderId", "Total", "OrderStatus", "TransactionId", "Address", "Ward", "District", "PhoneNumber", "FullName", "City", "TrackingNumber", "Carrier", "ShippingCost", "PaymentStatus", "OrderCode", "PaymentMethod", "PaymentTime", "CreatedTime", "CreatedBy", "ModifiedTime", "ModifiedBy", "UserId") VALUES ('a7285cc8-d181-42de-9543-040ba407b069', '838821.0000', 'Approved', NULL, '8oT01g1mUuNvCUNFj27f9A==', '6ZO15NwfsGjvwlsxTbU1G6epfuPYvJIQYdnOUn2swos=', '/aYBt1J/aNSrqhfIYoQUCT/e8achFSVn6p61yTpZP7Q=', 'bJ611VZpJCAbgk2Twb5CHA==', 'm+YGeXjAOC9nol1yKhAAqA==', '8oT01g1mUuNvCUNFj27f9A==', NULL, NULL, '31501', 'Cash', 'ORD20250611160825NWDT', 'cash', NULL, '2025-06-11 16:08:25.334495+07', 'duyvipx201', NULL, NULL, 'dd54b857-471d-4727-bb46-1130909a7b59');
INSERT INTO "OrderItem" ("OrderDetailId", "Quantity", "Price", "BookId", "OrderId") VALUES ('a0f8affa-b49c-4b4a-af67-bb0ffc5bc07a', 1, '$78,320.00', '23da33a4-6e15-4f10-af99-22aaf1f0e5be', 'af526a48-f2e1-4e40-a5c3-ba0071e97938');
INSERT INTO "OrderItem" ("OrderDetailId", "Quantity", "Price", "BookId", "OrderId") VALUES ('09a26a7f-716f-41f8-a200-36a893ca5072', 1, '$78,320.00', '23da33a4-6e15-4f10-af99-22aaf1f0e5be', 'a7285cc8-d181-42de-9543-040ba407b069');
INSERT INTO "OrderItem" ("OrderDetailId", "Quantity", "Price", "BookId", "OrderId") VALUES ('29196926-d9f9-4e9d-8fb2-b754c80f9859', 1, '$85,500.00', 'a511ec02-dd0c-4b84-8fb0-c2c38748667c', 'a7285cc8-d181-42de-9543-040ba407b069');
INSERT INTO "OrderItem" ("OrderDetailId", "Quantity", "Price", "BookId", "OrderId") VALUES ('2becfc0a-6e2a-4150-8470-a809d4f83544', 1, '$74,700.00', '0fd50020-a7d1-480e-a665-6cce44db8c05', 'a7285cc8-d181-42de-9543-040ba407b069');
INSERT INTO "OrderItem" ("OrderDetailId", "Quantity", "Price", "BookId", "OrderId") VALUES ('5551ee29-12a3-48fa-af6c-160e1c657b02', 1, '$80,100.00', '06087770-d2f6-496a-9700-3cb6fd215983', 'a7285cc8-d181-42de-9543-040ba407b069');
INSERT INTO "OrderItem" ("OrderDetailId", "Quantity", "Price", "BookId", "OrderId") VALUES ('62723222-b2b3-4f48-b1ae-7d5ed2e3d45b', 1, '$69,300.00', 'acb797ca-3184-4d4b-b04c-c2ba85e4868b', 'a7285cc8-d181-42de-9543-040ba407b069');
INSERT INTO "OrderItem" ("OrderDetailId", "Quantity", "Price", "BookId", "OrderId") VALUES ('93b4a17b-978b-40f3-bf2d-3d7691e05245', 2, '$163,800.00', '376d092b-59f9-45df-b49a-5c8069123dfc', 'a7285cc8-d181-42de-9543-040ba407b069');
INSERT INTO "OrderItem" ("OrderDetailId", "Quantity", "Price", "BookId", "OrderId") VALUES ('daeb58c8-af6d-40b4-9118-1b0f6763cbaa', 2, '$165,600.00', '0eaa0f28-385d-4d45-a4b5-7079efb877c4', 'a7285cc8-d181-42de-9543-040ba407b069');
INSERT INTO "OrderItem" ("OrderDetailId", "Quantity", "Price", "BookId", "OrderId") VALUES ('f1811454-364d-4c72-8f7b-f78ced12e664', 1, '$90,000.00', '167c53ca-f63a-420d-a4a9-b857bc7229d8', 'a7285cc8-d181-42de-9543-040ba407b069');

